date,index_value,num_markets,total_volume,alpha
2024/1/1 8:00,0.3698993112424912,152,68537094.72233601,0.5
2024/1/2 8:00,0.36556407210248604,105,66523990.91,0.5
2024/1/3 8:00,0.3593574391163773,101,66486553.490163,0.5
2024/1/4 8:00,0.33440323552775886,105,72750254.920885,0.5
2024/1/5 8:00,0.061576108311870464,108,448163559.934623,0.5
2024/1/6 8:00,0.23173748800643715,113,764962763.915947,0.5
2024/1/7 8:00,0.15858733425740168,126,1197695533.133135,0.5
2024/1/8 8:00,0.1621175275569523,126,1197695533.133135,0.5
2024/1/9 8:00,0.15892974985626707,137,1204372368.203114,0.5
2024/1/10 8:00,0.10279780950797218,159,1750661362.2593648,0.5
2024/1/11 8:00,0.1950896032172049,179,1928933740.837028,0.5
2024/1/12 8:00,0.20266267549702946,185,1929815672.05075,0.5
2024/1/13 8:00,0.19521680755877688,185,1950776779.1787329,0.5
2024/1/14 8:00,0.160959653447747,195,2285320865.616717,0.5
2024/1/15 8:00,0.18017052622132773,194,2285305192.310211,0.5
2024/1/16 8:00,0.17564196486336897,195,2290977610.219703,0.5
2024/1/17 8:00,0.1711519231667038,180,2289206408.094432,0.5
2024/1/18 8:00,0.1671803254783684,184,2292143534.278927,0.5
2024/1/19 8:00,0.15986015683745128,193,2341583885.601534,0.5
2024/1/20 8:00,0.1632464154691255,196,2342096020.271007,0.5
2024/1/21 8:00,0.1620846066821115,191,2340953864.032346,0.5
2024/1/22 8:00,0.15928844474792936,190,2340892045.404141,0.5
2024/1/23 8:00,0.14929413209710052,197,2342092551.218013,0.5
2024/1/24 8:00,0.14649998139940462,197,2342092551.218013,0.5
2024/1/25 8:00,0.13667964124624415,183,2335900742.412621,0.5
2024/1/26 8:00,0.13606373400787308,197,2358192832.429211,0.5
2024/1/27 8:00,0.13497948261762166,202,2358873522.866815,0.5
2024/1/28 8:00,0.13268887647457778,202,2358873522.866815,0.5
2024/1/29 8:00,0.13043193907728973,203,2359337065.640357,0.5
2024/1/30 8:00,0.12934582262967464,203,2358884853.722209,0.5
2024/1/31 8:00,0.12576396088553732,215,2384251812.038948,0.5
2024/2/1 8:00,0.13243470223507084,218,2385658848.303842,0.5
2024/2/2 8:00,0.1294557678659191,207,2386186762.47706,0.5
2024/2/3 8:00,0.12884914389805727,211,2385538316.296619,0.5
2024/2/4 8:00,0.12876387816373802,210,2385469691.3317947,0.5
2024/2/5 8:00,0.12666265488175282,210,2385469691.3317947,0.5
2024/2/6 8:00,0.1255172819619291,208,2385334496.955518,0.5
2024/2/7 8:00,0.1252107874228726,208,2385334496.955518,0.5
2024/2/8 8:00,0.12481192680699738,209,2385330862.780742,0.5
2024/2/9 8:00,0.12371821139063063,211,2386049702.762365,0.5
2024/2/10 8:00,0.13528889647991682,212,2386110433.562664,0.5
2024/2/11 8:00,0.13537097739635523,211,2386035427.034351,0.5
2024/2/12 8:00,0.13456010832159226,211,2386035427.034351,0.5
2024/2/13 8:00,0.13479886950317813,216,2386249640.696108,0.5
2024/2/14 8:00,0.13429556646194718,217,2388136045.487569,0.5
2024/2/15 8:00,0.1333871517984883,218,2388164769.880927,0.5
2024/2/16 8:00,0.13109134937664665,221,2390347271.928239,0.5
2024/2/17 8:00,0.13099942941907292,222,2390307753.30334,0.5
2024/2/18 8:00,0.1296789277988473,222,2389635552.763986,0.5
2024/2/19 8:00,0.1285480134427863,222,2389635552.763986,0.5
2024/2/20 8:00,0.1265864963828961,222,2389635552.763986,0.5
2024/2/21 8:00,0.12627966027675835,226,2390526993.900033,0.5
2024/2/22 8:00,0.12651982714512833,229,2390599242.612744,0.5
2024/2/23 8:00,0.1254226646417765,231,2390823457.554719,0.5
2024/2/24 8:00,0.12461855794276852,240,2391243896.431478,0.5
2024/2/25 8:00,0.12425601981593219,237,2390388543.570563,0.5
2024/2/26 8:00,0.12441780945133107,228,2386646540.1850867,0.5
2024/2/27 8:00,0.12386838635580444,227,2386585586.478929,0.5
2024/2/28 8:00,0.1235554626454754,239,2387287516.108292,0.5
2024/2/29 8:00,0.12432587102931082,235,2387039807.062148,0.5
2024/3/1 8:00,0.12432100444852263,259,2387853778.809892,0.5
2024/3/2 8:00,0.1250035885576625,258,2386295376.12396,0.5
2024/3/3 8:00,0.12429793703922772,263,2386204162.16793,0.5
2024/3/4 8:00,0.12512561931247407,254,2386081993.174872,0.5
2024/3/5 8:00,0.12400624271039487,253,2385902660.88034,0.5
2024/3/6 8:00,0.12343976409336802,261,2387205404.4780498,0.5
2024/3/7 8:00,0.12115854529946593,242,2386041959.194403,0.5
2024/3/8 8:00,0.11602278097918302,237,2468356720.160238,0.5
2024/3/9 8:00,0.12626369366994042,230,2550118844.506755,0.5
2024/3/10 8:00,0.1364942455764251,229,2550071013.183933,0.5
2024/3/11 8:00,0.13560553371273337,229,2550071013.183933,0.5
2024/3/12 8:00,0.13444169435864703,244,2550416398.7158318,0.5
2024/3/13 8:00,0.1321565993206078,241,2549951130.048971,0.5
2024/3/14 8:00,0.12865614844359807,241,2550052720.388103,0.5
2024/3/15 8:00,0.12738228130039098,240,2550052220.388903,0.5
2024/3/16 8:00,0.12676951415383533,240,2550040229.451409,0.5
2024/3/17 8:00,0.12784715868642776,237,2549928947.779963,0.5
2024/3/18 8:00,0.12834073404783752,239,2550292438.559465,0.5
2024/3/19 8:00,0.1276546519237734,250,2550558614.087282,0.5
2024/3/20 8:00,0.12510284449788167,274,2589471963.976057,0.5
2024/3/21 8:00,0.1268204195856614,270,2589167926.841862,0.5
2024/3/22 8:00,0.12330143763234844,267,2636452857.032571,0.5
2024/3/23 8:00,0.12732139590393152,271,2637253723.930561,0.5
2024/3/24 8:00,0.12692138138564982,270,2637192102.359165,0.5
2024/3/25 8:00,0.1268683897189334,267,2637077330.607335,0.5
2024/3/26 8:00,0.1273004126165376,273,2637123434.465503,0.5
2024/3/27 8:00,0.12637151040984243,269,2637302823.956731,0.5
2024/3/28 8:00,0.12553372798514523,268,2637294617.830761,0.5
2024/3/29 8:00,0.12039984752812669,383,2743366822.277328,0.5
2024/3/30 8:00,0.12693916193638818,385,2743534864.235469,0.5
2024/3/31 8:00,0.1257510309270803,385,2743534864.235469,0.5
2024/4/1 8:00,0.12678439234299507,388,2743629794.839804,0.5
2024/4/2 8:00,0.1260654909266424,364,2742364124.7485948,0.5
2024/4/3 8:00,0.12644305802477437,364,2741642827.540385,0.5
2024/4/4 8:00,0.12380212039550577,394,2795268764.944654,0.5
2024/4/5 8:00,0.12625069592182947,401,2799174670.066202,0.5
2024/4/6 8:00,0.12547248409361178,403,2799291470.387442,0.5
2024/4/7 8:00,0.1258771101043853,403,2799291470.387442,0.5
2024/4/8 8:00,0.12557656349727853,403,2799291470.387442,0.5
2024/4/9 8:00,0.1258720906136557,408,2799489586.2733397,0.5
2024/4/10 8:00,0.13009312017523214,407,2799469333.448994,0.5
2024/4/11 8:00,0.12584995993415016,422,2803843579.240403,0.5
2024/4/12 8:00,0.126116023989848,426,2804468847.082693,0.5
2024/4/13 8:00,0.12586554173996448,496,2811723964.42294,0.5
2024/4/14 8:00,0.1264427023067856,491,2810468413.318485,0.5
2024/4/15 8:00,0.12620297373498712,488,2810421027.802389,0.5
2024/4/16 8:00,0.12722445336675117,493,2812542606.455506,0.5
2024/4/17 8:00,0.12639493010242223,492,2811980963.50159,0.5
2024/4/18 8:00,0.12627482111459187,496,2812401224.728444,0.5
2024/4/19 8:00,0.12711404027681739,497,2813270511.445291,0.5
2024/4/20 8:00,0.12816349532954238,497,2815171350.432733,0.5
2024/4/21 8:00,0.12871060656486583,492,2815100438.8604918,0.5
2024/4/22 8:00,0.12847792626006144,492,2815100438.8604918,0.5
2024/4/23 8:00,0.12841585175277054,495,2815398935.59637,0.5
2024/4/24 8:00,0.12845300628650805,496,2815410596.133747,0.5
2024/4/25 8:00,0.12459760942043413,508,2886961796.408959,0.5
2024/4/26 8:00,0.12825634373060069,511,2888721689.611245,0.5
2024/4/27 8:00,0.1286667311617532,515,2888841395.74769,0.5
2024/4/28 8:00,0.12913952931653971,510,2888687934.622136,0.5
2024/4/29 8:00,0.12978429124147756,510,2888687934.622136,0.5
2024/4/30 8:00,0.1292570712560673,513,2888768566.651726,0.5
2024/5/1 8:00,0.12913226311717188,508,2887935239.31281,0.5
2024/5/2 8:00,0.12739828639984194,497,2888521130.528797,0.5
2024/5/3 8:00,0.1269592164687492,515,2888094639.145083,0.5
2024/5/4 8:00,0.1268771751578565,513,2888080506.363692,0.5
2024/5/5 8:00,0.12619829403882976,513,2888080506.363692,0.5
2024/5/6 8:00,0.12493377131321959,513,2888080506.363692,0.5
2024/5/7 8:00,0.12364254705523879,526,2901091481.931774,0.5
2024/5/8 8:00,0.1253462129896811,528,2901660086.482896,0.5
2024/5/9 8:00,0.12491264478562537,563,2905686154.3404098,0.5
2024/5/10 8:00,0.1263781334835532,563,2905686154.3404098,0.5
2024/5/11 8:00,0.12709936648288084,563,2905686154.3404098,0.5
2024/5/12 8:00,0.12671271855100336,563,2905686154.3404098,0.5
2024/5/13 8:00,0.12648203478050932,563,2905686154.3404098,0.5
2024/5/14 8:00,0.12558704535048984,563,2905686154.3404098,0.5
2024/5/15 8:00,0.1240998875893834,564,2905695295.588049,0.5
2024/5/16 8:00,0.11828254684826754,563,2988837600.24416,0.5
2024/5/17 8:00,0.126833447755279,563,2988827808.793316,0.5
2024/5/18 8:00,0.12750705562209455,571,2988902788.405631,0.5
2024/5/19 8:00,0.12769124123306141,571,2988902788.405631,0.5
2024/5/20 8:00,0.12752668679178203,572,2988953630.997085,0.5
2024/5/21 8:00,0.1279600808877254,578,2989030621.556312,0.5
2024/5/22 8:00,0.12695395232347093,592,3001157203.602115,0.5
2024/5/23 8:00,0.12773832076311736,590,3001203925.214761,0.5
2024/5/24 8:00,0.12789260969339042,591,3000118898.620084,0.5
2024/5/25 8:00,0.12949599326386999,592,2987229309.025676,0.5
2024/5/26 8:00,0.12894002549013933,591,2987178466.4342217,0.5
2024/5/27 8:00,0.12885528952365313,591,2987178466.4342217,0.5
2024/5/28 8:00,0.12973653454168113,590,2987136805.058626,0.5
2024/5/29 8:00,0.12916840652135447,592,2987183442.439732,0.5
2024/5/30 8:00,0.12821078063239663,601,2990930829.89203,0.5
2024/5/31 8:00,0.12941176648778044,603,2991440782.60699,0.5
2024/6/1 8:00,0.1285007936484103,617,3005097058.4238358,0.5
2024/6/2 8:00,0.13133946381451178,601,3004613976.700108,0.5
2024/6/3 8:00,0.13181435388961296,601,3004613976.700108,0.5
2024/6/4 8:00,0.13131561071514025,613,3008686072.15845,0.5
2024/6/5 8:00,0.13041617990310814,614,3009088502.61075,0.5
2024/6/6 8:00,0.13152936535765886,626,3010726458.876837,0.5
2024/6/7 8:00,0.1358187820952676,628,3010751111.420545,0.5
2024/6/8 8:00,0.13730890230985449,637,3015951895.564779,0.5
2024/6/9 8:00,0.13828565172423324,634,3015905639.07384,0.5
2024/6/10 8:00,0.13738857618357184,632,3015870303.51338,0.5
2024/6/11 8:00,0.13565806513895529,643,3017540482.712538,0.5
2024/6/12 8:00,0.13438604835732912,644,3017664483.428688,0.5
2024/6/13 8:00,0.13447416414804697,636,3018055168.468178,0.5
2024/6/14 8:00,0.1337232254115441,642,3016970574.887405,0.5
2024/6/15 8:00,0.13334540249405955,642,3016970574.887405,0.5
2024/6/16 8:00,0.13409187379925752,637,3016959657.325971,0.5
2024/6/17 8:00,0.13274211017716134,637,3016959657.325971,0.5
2024/6/18 8:00,0.13285415320072944,643,3017064836.345178,0.5
2024/6/19 8:00,0.13326306346952727,642,3017059976.138812,0.5
2024/6/20 8:00,0.13527465583806636,640,3017727896.851256,0.5
2024/6/21 8:00,0.13466776675349287,646,3018340447.45684,0.5
2024/6/22 8:00,0.13430111946027484,652,3019965115.575904,0.5
2024/6/23 8:00,0.1320370960510936,650,3019931312.825675,0.5
2024/6/24 8:00,0.13205782493785745,650,3019931312.825675,0.5
2024/6/25 8:00,0.13092167108487351,656,3020396613.223797,0.5
2024/6/26 8:00,0.12969202831910212,660,3020445007.050055,0.5
2024/6/27 8:00,0.12649305867432759,646,3020183257.906228,0.5
2024/6/28 8:00,0.12500097596131815,654,3020423629.503178,0.5
2024/6/29 8:00,0.14391702270302728,649,3099614455.517419,0.5
2024/6/30 8:00,0.14992974934134393,648,3099602909.726157,0.5
2024/7/1 8:00,0.16250659515816462,647,3099571096.748222,0.5
2024/7/2 8:00,0.15206431034049778,637,3107050246.028309,0.5
2024/7/3 8:00,0.16552603350861692,638,3109548593.983706,0.5
2024/7/4 8:00,0.16857290694610735,660,3192062573.08948,0.5
2024/7/5 8:00,0.1770651000840356,656,3190835541.081027,0.5
2024/7/6 8:00,0.1734530193029992,652,3221935224.38308,0.5
2024/7/7 8:00,0.17385005327369726,644,3221604246.994629,0.5
2024/7/8 8:00,0.1700364975533696,643,3221579923.1855187,0.5
2024/7/9 8:00,0.15597673590351685,647,3222053661.5851808,0.5
2024/7/10 8:00,0.1590187654971798,651,3222227854.600985,0.5
2024/7/11 8:00,0.1706452101775678,651,3222230980.4735,0.5
2024/7/12 8:00,0.17586588452689814,661,3241137231.062418,0.5
2024/7/13 8:00,0.1762860167469362,659,3241727633.193926,0.5
2024/7/14 8:00,0.16756529849751378,658,3239587866.11696,0.5
2024/7/15 8:00,0.15357069961536396,662,3240975969.400455,0.5
2024/7/16 8:00,0.14991893053096156,664,3241183339.115911,0.5
2024/7/17 8:00,0.14838934276625224,625,3158581236.474217,0.5
2024/7/18 8:00,0.16753979979773936,626,3164119457.158306,0.5
2024/7/19 8:00,0.1776207627369848,634,3161313054.555901,0.5
2024/7/20 8:00,0.17957907487205427,641,3162290908.410825,0.5
2024/7/21 8:00,0.17876265467674127,635,3161441687.158078,0.5
2024/7/22 8:00,0.16029348554924638,647,3169717097.690585,0.5
2024/7/23 8:00,0.15615631953812253,666,3187206549.437354,0.5
2024/7/24 8:00,0.1477361888879656,671,3194348957.203895,0.5
2024/7/25 8:00,0.15454373453089496,681,3205026254.814442,0.5
2024/7/26 8:00,0.14271026464100026,669,3264118091.084792,0.5
2024/7/27 8:00,0.13876890983262125,665,3261706223.5675387,0.5
2024/7/28 8:00,0.14105324238719968,663,3256625177.5528197,0.5
2024/7/29 8:00,0.13811087280721224,669,3256720275.154009,0.5
2024/7/30 8:00,0.13838448305783818,680,3258754693.394401,0.5
2024/7/31 8:00,0.13895186021130043,695,3259996477.860683,0.5
2024/8/1 8:00,0.13444466446842457,696,3269736192.866554,0.5
2024/8/2 8:00,0.12899974355294178,676,3250926030.674983,0.5
2024/8/3 8:00,0.12259570758078082,689,3422542891.051723,0.5
2024/8/4 8:00,0.13041704079776212,685,3421932407.612289,0.5
2024/8/5 8:00,0.1305386130681427,684,3421791362.685628,0.5
2024/8/6 8:00,0.12962778428269958,692,3424186295.198102,0.5
2024/8/7 8:00,0.1349565093267234,613,2998008009.931365,0.5
2024/8/8 8:00,0.13736576434618442,608,3019304122.296725,0.5
2024/8/9 8:00,0.13226750707540863,631,3153342191.333127,0.5
2024/8/10 8:00,0.12743322235353272,653,3401491242.267801,0.5
2024/8/11 8:00,0.12844635987719938,652,3408239290.942447,0.5
2024/8/12 8:00,0.128757098274064,653,3409356400.246406,0.5
2024/8/13 8:00,0.12682052538958472,661,3410447615.439734,0.5
2024/8/14 8:00,0.12346667109462238,668,3416143275.820574,0.5
2024/8/15 8:00,0.12184206520570201,670,3416787454.918706,0.5
2024/8/16 8:00,0.12235797252887257,690,3419800133.284195,0.5
2024/8/17 8:00,0.12286278399823311,699,3421593778.103367,0.5
2024/8/18 8:00,0.12601400230303256,691,3420121798.25723,0.5
2024/8/19 8:00,0.12674925561271824,689,3419914713.652626,0.5
2024/8/20 8:00,0.12548407364012495,692,3420258375.170534,0.5
2024/8/21 8:00,0.12576324827554525,706,3421582734.78501,0.5
2024/8/22 8:00,0.12662081000572753,709,3432370305.078669,0.5
2024/8/23 8:00,0.12730258888649476,708,3433913035.616635,0.5
2024/8/24 8:00,0.12286763794074991,676,3412336331.41704,0.5
2024/8/25 8:00,0.12301206974343012,670,3411987159.2827997,0.5
2024/8/26 8:00,0.12170734077143963,669,3411410906.814802,0.5
2024/8/27 8:00,0.12076153362381492,684,3420470931.740006,0.5
2024/8/28 8:00,0.12260485898668669,690,3404982960.334672,0.5
2024/8/29 8:00,0.12270041549234255,709,3410455826.384564,0.5
2024/8/30 8:00,0.1238193519386099,717,3410968037.105878,0.5
2024/8/31 8:00,0.12262025705132248,693,3409059926.259212,0.5
2024/9/1 8:00,0.1231044349099834,690,3408899451.260895,0.5
2024/9/2 8:00,0.1231153334648337,659,3386928471.455108,0.5
2024/9/3 8:00,0.122293509240062,658,3386601585.997222,0.5
2024/9/4 8:00,0.12011278548035165,683,3443172828.120083,0.5
2024/9/5 8:00,0.12647166438727303,700,3444028860.678601,0.5
2024/9/6 8:00,0.1279812430618049,699,3449911645.331523,0.5
2024/9/7 8:00,0.12467211631763395,695,3449766425.9963827,0.5
2024/9/8 8:00,0.1255801943305634,683,3448923230.765732,0.5
2024/9/9 8:00,0.1268996560313892,682,3448913200.999672,0.5
2024/9/10 8:00,0.12779344958535266,691,3448927395.627374,0.5
2024/9/11 8:00,0.1270792595451116,710,3450334877.210765,0.5
2024/9/12 8:00,0.12283569526588964,685,3444769455.9873037,0.5
2024/9/13 8:00,0.12148705158234194,681,3445131164.969386,0.5
2024/9/14 8:00,0.12112752660134406,675,3460789427.6418858,0.5
2024/9/15 8:00,0.12160256668666952,661,3455228647.6956,0.5
2024/9/16 8:00,0.12276123240431777,662,3455262455.378963,0.5
2024/9/17 8:00,0.12324648870950276,687,3461079362.513238,0.5
2024/9/18 8:00,0.11585550074342321,703,3654731559.3333597,0.5
2024/9/19 8:00,0.12054187346960564,699,3732005959.052155,0.5
2024/9/20 8:00,0.13401390024566487,704,3743350164.62898,0.5
2024/9/21 8:00,0.13136061993976017,709,3746786917.231076,0.5
2024/9/22 8:00,0.1307396421814533,695,3746079495.661775,0.5
2024/9/23 8:00,0.12888317489052234,693,3745597590.300581,0.5
2024/9/24 8:00,0.13022768857004524,700,3747432333.369892,0.5
2024/9/25 8:00,0.12852261628842476,711,3787892658.159958,0.5
2024/9/26 8:00,0.13406520431972863,713,3788082551.19241,0.5
2024/9/27 8:00,0.1334820746601727,741,3793399055.097346,0.5
2024/9/28 8:00,0.13384893144574972,731,3792132775.450334,0.5
2024/9/29 8:00,0.13300810309819128,717,3791324292.696213,0.5
2024/9/30 8:00,0.13230613935521418,716,3791282075.612567,0.5
2024/10/1 8:00,0.13695619184795882,724,3792424321.1657557,0.5
2024/10/2 8:00,0.13731185590616907,720,3790039111.02349,0.5
2024/10/3 8:00,0.13501445284233327,719,3802665827.198198,0.5
2024/10/4 8:00,0.13522230372704622,709,3804622611.679239,0.5
2024/10/5 8:00,0.13372881668344003,707,3795069405.250189,0.5
2024/10/6 8:00,0.135473648823617,691,3793871237.510054,0.5
2024/10/7 8:00,0.1337235010548674,678,3788006097.099234,0.5
2024/10/8 8:00,0.13200927566486786,709,3791507973.705371,0.5
2024/10/9 8:00,0.12496500709019431,788,3977417201.1969028,0.5
2024/10/10 8:00,0.13440468623344137,830,3982711506.9574327,0.5
2024/10/11 8:00,0.13475618292432395,824,3981781577.317312,0.5
2024/10/12 8:00,0.13394782614869163,809,3988870651.501821,0.5
2024/10/13 8:00,0.13370859347667824,804,3987033842.717662,0.5
2024/10/14 8:00,0.13426210287264578,793,3986369981.030821,0.5
2024/10/15 8:00,0.13581991584439534,793,3986626040.341773,0.5
2024/10/16 8:00,0.13481446980338277,812,4015358556.522093,0.5
2024/10/17 8:00,0.13873211909744956,810,4014003366.6605787,0.5
2024/10/18 8:00,0.1401484253660406,802,4014473936.419609,0.5
2024/10/19 8:00,0.13647263306718396,811,4016449452.074234,0.5
2024/10/20 8:00,0.13598246450614435,802,4014538678.522037,0.5
2024/10/21 8:00,0.13457811692100163,796,4014022325.634492,0.5
2024/10/22 8:00,0.1351627744112947,806,4014286495.5643277,0.5
2024/10/23 8:00,0.13469024702508042,822,4078296061.5089498,0.5
2024/10/24 8:00,0.14233772411286982,850,4081255929.139419,0.5
2024/10/25 8:00,0.14231332263122798,870,4092420436.936387,0.5
2024/10/26 8:00,0.14354720404185956,878,4094690865.648132,0.5
2024/10/27 8:00,0.14254570495508512,861,4091399390.380466,0.5
2024/10/28 8:00,0.1426668210038332,852,4090925658.050851,0.5
2024/10/29 8:00,0.14216116152035432,878,4093907059.142893,0.5
2024/10/30 8:00,0.14153882609108526,919,4107149189.6421847,0.5
2024/10/31 8:00,0.142804882618066,940,4083947119.963138,0.5
2024/11/1 8:00,0.14341489181504424,930,4085528725.759737,0.5
2024/11/2 8:00,0.126989234026294,910,4576610371.367308,0.5
2024/11/3 8:00,0.17900612406697924,916,4577693601.9420395,0.5
2024/11/4 8:00,0.17630727700136267,921,4618660991.588036,0.5
2024/11/5 8:00,0.18022011805290525,908,4623142869.524915,0.5
2024/11/6 8:00,0.19226970956602613,846,4308165402.142574,0.5
2024/11/7 8:00,0.09055272105814238,703,3269188127.347085,0.5
2024/11/8 8:00,0.11674832336798514,600,3037819383.649705,0.5
2024/11/9 8:00,0.129425702984696,607,3061925220.902514,0.5
2024/11/10 8:00,0.1280341370809026,587,3041133755.713293,0.5
2024/11/11 8:00,0.12790968644907935,575,2954562584.71795,0.5
2024/11/12 8:00,0.13192609414284132,577,2840538111.841627,0.5
2024/11/13 8:00,0.1556800552270237,574,2318821394.02311,0.5
2024/11/14 8:00,0.14888444168020998,588,2328429668.717549,0.5
2024/11/15 8:00,0.1524720371803888,610,2281782290.258211,0.5
2024/11/16 8:00,0.15173995679363383,579,2353739948.89507,0.5
2024/11/17 8:00,0.15332778534704672,573,2353261613.23922,0.5
2024/11/18 8:00,0.15419012206166682,567,2353098095.2307,0.5
2024/11/19 8:00,0.1515606392463786,586,2356111110.871314,0.5
2024/11/20 8:00,0.15038836598599148,606,2353311729.890876,0.5
2024/11/21 8:00,0.15187943292170034,607,2348479973.051178,0.5
2024/11/22 8:00,0.1573795061934178,623,2349341523.818958,0.5
2024/11/23 8:00,0.15793346361631494,605,2332690755.605533,0.5
2024/11/24 8:00,0.1537478064001098,559,2334899858.4276137,0.5
2024/11/25 8:00,0.15085497954156843,537,2333947668.774554,0.5
2024/11/26 8:00,0.14529757669730808,541,2334623943.610305,0.5
2024/11/27 8:00,0.13839515114227696,531,2327770835.053776,0.5
2024/11/28 8:00,0.13940523319903625,520,2268172210.512061,0.5
2024/11/29 8:00,0.14125739461969605,508,2267268822.084683,0.5
2024/11/30 8:00,0.14285489431758522,498,2227263403.035475,0.5
2024/12/1 8:00,0.1451656892722658,481,2189138905.1850967,0.5
2024/12/2 8:00,0.14095089307298891,462,2180253964.730565,0.5
2024/12/3 8:00,0.14086682124335648,456,2143540551.970782,0.5
2024/12/4 8:00,0.14059647688314075,460,2145620558.078264,0.5
2024/12/5 8:00,0.14088671433882843,449,2107474547.936792,0.5
2024/12/6 8:00,0.15570268968692594,438,1874343526.341801,0.5
2024/12/7 8:00,0.15988142343070239,424,1874345263.355483,0.5
2024/12/8 8:00,0.15799179400250452,420,1873841986.9500139,0.5
2024/12/9 8:00,0.15738513580019411,415,1873563329.381469,0.5
2024/12/10 8:00,0.1552651684241543,418,1873801306.347003,0.5
2024/12/11 8:00,0.15028602669305358,415,1871671148.0950499,0.5
2024/12/12 8:00,0.151517343002986,429,1823977736.7559268,0.5
2024/12/13 8:00,0.15027119990826615,440,1831661427.131605,0.5
2024/12/14 8:00,0.15068066348249656,447,1832756033.2997808,0.5
2024/12/15 8:00,0.14935636488132006,442,1832521021.897852,0.5
2024/12/16 8:00,0.14970535519188405,442,1832521021.897852,0.5
2024/12/17 8:00,0.15116105538897934,455,1835286262.6613069,0.5
2024/12/18 8:00,0.14996661360650185,445,1823446807.9038389,0.5
2024/12/19 8:00,0.1752481459366141,377,1609314645.6316109,0.5
2024/12/20 8:00,0.17929744952543486,397,1612935274.270278,0.5
2024/12/21 8:00,0.1837691573715207,389,1622347522.147875,0.5
2024/12/22 8:00,0.17041498286729656,381,1604938216.876729,0.5
2024/12/23 8:00,0.17159523654265196,381,1604938216.876729,0.5
2024/12/24 8:00,0.16819249857482768,380,1604863190.006361,0.5
2024/12/25 8:00,0.16281268007097435,380,1604863190.006361,0.5
2024/12/26 8:00,0.15599912963249332,378,1549699387.7379699,0.5
2024/12/27 8:00,0.15421604271538752,386,1556493459.548548,0.5
2024/12/28 8:00,0.15155236945785666,388,1556781963.636649,0.5
2024/12/29 8:00,0.14849148797495781,387,1556763919.54943,0.5
2024/12/30 8:00,0.14585305127953882,405,1581383386.79436,0.5
2024/12/31 8:00,0.1475941992905287,428,1618295936.690491,0.5
2025/1/1 8:00,0.14293105485138383,442,1625493403.4256968,0.5
2025/1/2 8:00,0.14073355498063378,383,1573094534.078081,0.5
2025/1/3 8:00,0.13913416924051605,399,1571035288.888959,0.5
2025/1/4 8:00,0.15445789274815702,369,1369342255.327198,0.5
2025/1/5 8:00,0.15980243772817695,366,1369318934.66604,0.5
2025/1/6 8:00,0.16064011323877336,378,1372561215.056231,0.5
2025/1/7 8:00,0.16413066816583255,387,1377238951.941153,0.5
2025/1/8 8:00,0.16505304562673687,400,1382585877.713396,0.5
2025/1/9 8:00,0.16743357926714975,418,1396571814.3382819,0.5
2025/1/10 8:00,0.16253643283224156,422,1398143620.357032,0.5
2025/1/11 8:00,0.1549810079645453,432,1409432793.299461,0.5
2025/1/12 8:00,0.1534495713879988,431,1409305445.108665,0.5
2025/1/13 8:00,0.14981874886503044,431,1409305445.108665,0.5
2025/1/14 8:00,0.1494744424082109,450,1410188252.663425,0.5
2025/1/15 8:00,0.15248896753295435,477,1415211568.170834,0.5
2025/1/16 8:00,0.15080977628589043,505,1423178654.267394,0.5
2025/1/17 8:00,0.15313681918344457,508,1426264757.958098,0.5
2025/1/18 8:00,0.14632332326838393,518,1428123001.942717,0.5
2025/1/19 8:00,0.14564917123864443,516,1424911104.341839,0.5
2025/1/20 8:00,0.1307182819724928,512,1423656082.4349449,0.5
2025/1/21 8:00,0.15067077594202305,463,913911619.311221,0.5
2025/1/22 8:00,0.1598259909264115,454,818067316.400912,0.5
2025/1/23 8:00,0.20131184280165063,425,631289575.0616649,0.5
2025/1/24 8:00,0.1818586852355446,467,731876093.001891,0.5
2025/1/25 8:00,0.21781005680680943,484,744655892.564293,0.5
2025/1/26 8:00,0.22788666647920697,464,726292409.065846,0.5
2025/1/27 8:00,0.22645491806468365,454,726227358.724658,0.5
2025/1/28 8:00,0.22255090238180375,467,727032733.831665,0.5
2025/1/29 8:00,0.2132807477000959,474,730424212.237048,0.5
2025/1/30 8:00,0.2750633579445679,479,546037431.074509,0.5
2025/1/31 8:00,0.2735190718467431,489,547806126.865213,0.5
2025/2/1 8:00,0.2700123507473715,519,550990826.244157,0.5
2025/2/2 8:00,0.26801894960043904,486,545987412.179114,0.5
2025/2/3 8:00,0.2583976670941874,504,553864512.750369,0.5
2025/2/4 8:00,0.2602864346605628,504,560234607.645045,0.5
2025/2/5 8:00,0.2604628534025031,517,559178303.475275,0.5
2025/2/6 8:00,0.2730260792300152,512,545732116.082825,0.5
2025/2/7 8:00,0.27406027450728554,529,548333116.923787,0.5
2025/2/8 8:00,0.21630306870347657,545,655770443.863478,0.5
2025/2/9 8:00,0.2640684788073161,552,655350355.6,0.5
2025/2/10 8:00,0.26189680596059767,551,653422594.187984,0.5
2025/2/11 8:00,0.2612603710117857,563,654776443.981795,0.5
2025/2/12 8:00,0.25737713153157105,571,655518242.947521,0.5
2025/2/13 8:00,0.250164947044067,552,647759129.50142,0.5
2025/2/14 8:00,0.2553064635648299,524,639837347.469931,0.5
2025/2/15 8:00,0.25648084875696725,527,639798451.383517,0.5
2025/2/16 8:00,0.2526969285192464,539,643521958.198899,0.5
2025/2/17 8:00,0.25690189052413076,538,643153784.422816,0.5
2025/2/18 8:00,0.25428035120103737,536,641508329.597027,0.5
2025/2/19 8:00,0.24552195845454375,536,642211796.746888,0.5
2025/2/20 8:00,0.24270686036466838,551,644873678.460153,0.5
2025/2/21 8:00,0.24884906608472257,545,644336003.57765,0.5
2025/2/22 8:00,0.26150303054278423,544,638145270.530334,0.5
2025/2/23 8:00,0.2602661919626039,547,639110806.375346,0.5
2025/2/24 8:00,0.2614542982494093,544,638999343.208759,0.5
2025/2/25 8:00,0.2556387057582863,564,640602463.638487,0.5
2025/2/26 8:00,0.2582260822125146,583,645237386.001665,0.5
2025/2/27 8:00,0.25708323135617783,611,647694898.563264,0.5
2025/2/28 8:00,0.25449039903838827,622,658022685.932783,0.5
2025/3/1 8:00,0.2584955150942963,631,662117212.0557669,0.5
2025/3/2 8:00,0.2623182491696151,611,657518850.484361,0.5
2025/3/3 8:00,0.2719242092870634,592,654575480.47842,0.5
2025/3/4 8:00,0.27181876595040355,619,647672636.617874,0.5
2025/3/5 8:00,0.2693397194525889,623,657844877.801504,0.5
2025/3/6 8:00,0.2788864206817014,609,656092634.935053,0.5
2025/3/7 8:00,0.2805921337230754,613,657196782.490361,0.5
2025/3/8 8:00,0.2750657521296782,603,648735354.66227,0.5
2025/3/9 8:00,0.2745946272862372,597,648555830.520177,0.5
2025/3/10 8:00,0.2763296870257915,593,647115206.885493,0.5
2025/3/11 8:00,0.27657276505512907,599,647115405.491896,0.5
2025/3/12 8:00,0.2807122273078184,599,648466487.280922,0.5
2025/3/13 8:00,0.2844242617358956,593,644944793.659141,0.5
2025/3/14 8:00,0.2748363953477508,593,652408260.190401,0.5
2025/3/15 8:00,0.27195924400233873,591,652438457.352347,0.5
2025/3/16 8:00,0.2635955061628653,584,649949419.031143,0.5
2025/3/17 8:00,0.26136022894889943,577,650523006.911141,0.5
2025/3/18 8:00,0.26212310653523396,594,645788960.09064,0.5
2025/3/19 8:00,0.24952182282082935,613,652458271.1876299,0.5
2025/3/20 8:00,0.27443394721477976,618,572572653.29285,0.5
2025/3/21 8:00,0.27030631081035233,622,572247769.560409,0.5
2025/3/22 8:00,0.2657449729776102,623,572591995.117967,0.5
2025/3/23 8:00,0.26992273323182586,613,565892956.324898,0.5
2025/3/24 8:00,0.2662527935357786,604,565456239.956909,0.5
2025/3/25 8:00,0.26145469632941365,611,566154883.660577,0.5
2025/3/26 8:00,0.2591732451100337,612,557552618.589651,0.5
2025/3/27 8:00,0.25579915108211515,635,561700819.193015,0.5
2025/3/28 8:00,0.25061010067273126,656,563509040.545362,0.5
2025/3/29 8:00,0.2492856274713645,690,564700896.174633,0.5
2025/3/30 8:00,0.2492782609907702,681,558635281.281657,0.5
2025/3/31 8:00,0.2494029449659344,679,558627076.281743,0.5
2025/4/1 8:00,0.23576453180536128,694,577516401.277719,0.5
2025/4/2 8:00,0.2582922133181417,620,556066156.029118,0.5
2025/4/3 8:00,0.25957387169163465,603,556648020.009312,0.5
2025/4/4 8:00,0.24925908847169403,592,565161658.824694,0.5
2025/4/5 8:00,0.2635854082450515,604,564373764,0.5
2025/4/6 8:00,0.25934909116213223,594,564206754.4775699,0.5
2025/4/7 8:00,0.2677434944107038,593,563152947.681787,0.5
2025/4/8 8:00,0.2660608629655385,625,567001648.761189,0.5
2025/4/9 8:00,0.26391916114772856,659,573360114.684454,0.5
2025/4/10 8:00,0.2564921472179888,715,573362648.439357,0.5
2025/4/11 8:00,0.26253877230940237,672,572206973.950712,0.5
2025/4/12 8:00,0.26027419479162883,683,573378374.679471,0.5
2025/4/13 8:00,0.24524757341282571,674,572539642.47682,0.5
2025/4/14 8:00,0.24208332252427983,665,572200726.611148,0.5
2025/4/15 8:00,0.23279346779570692,706,588240010.088063,0.5
2025/4/16 8:00,0.24000248013439543,711,588647988.926501,0.5
2025/4/17 8:00,0.23854968287269096,714,577983920.296972,0.5
2025/4/18 8:00,0.24113380946618174,739,580036014.662445,0.5
2025/4/19 8:00,0.241352353348817,760,580885925.484718,0.5
2025/4/20 8:00,0.23873403024662243,748,580157765.963715,0.5
2025/4/21 8:00,0.23776913133204708,744,578665170.195705,0.5
2025/4/22 8:00,0.2382344405513378,744,578701975.240374,0.5
2025/4/23 8:00,0.23831416011750653,756,579290876.235737,0.5
2025/4/24 8:00,0.2343869952766995,756,579734123.257791,0.5
2025/4/25 8:00,0.25360300754361625,756,523393265.268613,0.5
2025/4/26 8:00,0.24997180727701218,764,531335357.453397,0.5
2025/4/27 8:00,0.26003465613252374,754,530832525.173331,0.5
2025/4/28 8:00,0.25416188435429626,754,530832525.173331,0.5
2025/4/29 8:00,0.25410083793392435,760,531036080.829946,0.5
2025/4/30 8:00,0.23873936334856616,771,531847195.110638,0.5
2025/5/1 8:00,0.25277044302356855,688,473156141.344011,0.5
2025/5/2 8:00,0.2547046138229341,611,454950514.03222,0.5
2025/5/3 8:00,0.23692080840296084,624,448298457.316219,0.5
2025/5/4 8:00,0.23709547771732092,613,447326870.699924,0.5
2025/5/5 8:00,0.2394938897179036,606,438346657.571334,0.5
2025/5/6 8:00,0.22510061205041837,620,456280607.903044,0.5
2025/5/7 8:00,0.25142287481533454,623,457259911.787307,0.5
2025/5/8 8:00,0.2784791955170388,606,370812582.081712,0.5
2025/5/9 8:00,0.2725291810928996,602,370799683.840989,0.5
2025/5/10 8:00,0.26750595721751536,612,371174489.500494,0.5
2025/5/11 8:00,0.2681669702055502,620,351341822.808708,0.5
2025/5/12 8:00,0.26783703603747233,618,351312976.511136,0.5
2025/5/13 8:00,0.25242776175156456,639,349621675.725351,0.5
2025/5/14 8:00,0.2573497869303883,639,349916241.97213,0.5
2025/5/15 8:00,0.253545077813747,647,350329869.135896,0.5
2025/5/16 8:00,0.2506680604479419,629,350303432.721921,0.5
2025/5/17 8:00,0.24302305020098103,638,349232496.932418,0.5
2025/5/18 8:00,0.2519426672524401,629,347762998.109023,0.5
2025/5/19 8:00,0.24618346251835063,629,347762998.109023,0.5
2025/5/20 8:00,0.24570396189562038,649,348076681.015227,0.5
2025/5/21 8:00,0.23909318450475814,663,348340380.635592,0.5
2025/5/22 8:00,0.22670554971376664,666,351897726.662544,0.5
2025/5/23 8:00,0.22233004092516867,677,352381374.444643,0.5
2025/5/24 8:00,0.22116956108495622,688,352938829.186211,0.5
2025/5/25 8:00,0.22065822821605452,680,352773759.87668097,0.5
2025/5/26 8:00,0.21893341020479595,676,352647362.569547,0.5
2025/5/27 8:00,0.21553816868207698,673,352760930.66202,0.5
2025/5/28 8:00,0.20854764125320407,690,353381702.126176,0.5
2025/5/29 8:00,0.21247882869032086,686,352888335.298979,0.5
2025/5/30 8:00,0.20948130666260611,686,351142917.702935,0.5
2025/5/31 8:00,0.20685088466260995,699,351440817.833452,0.5
2025/6/1 8:00,0.20883355544759222,682,350652698.629362,0.5
2025/6/2 8:00,0.2112853312745119,642,330856775.552783,0.5
2025/6/3 8:00,0.2092870239551528,647,331015145.163733,0.5
2025/6/4 8:00,0.1954200193255871,643,330932568.106604,0.5
2025/6/5 8:00,0.19290087422937774,642,330838069.683098,0.5
2025/6/6 8:00,0.18882375059676768,645,332117016.154691,0.5
2025/6/7 8:00,0.1802404776747547,647,331740143.072009,0.5
2025/6/8 8:00,0.1781052737849707,641,331601205.262367,0.5
2025/6/9 8:00,0.1777250717025206,641,331615185.015326,0.5
2025/6/10 8:00,0.1867447477195806,661,333926888.930186,0.5
2025/6/11 8:00,0.19120558382169942,682,333446583.797255,0.5
2025/6/12 8:00,0.19544860912669232,664,336236764.409762,0.5
2025/6/13 8:00,0.2009972756641532,672,335987928.314781,0.5
2025/6/14 8:00,0.1928005330433999,693,329834368.049358,0.5
2025/6/15 8:00,0.19698647762152707,680,327275534.153987,0.5
2025/6/15 18:55,0.29457132925257895,1,21865.20997,0.5
2025/6/15 19:03,0.3442459188913497,1,34380.60596,0.5
2025/6/15 19:18,0.2823395850961429,2,965479.4081,0.5
2025/6/15 19:19,0.0747066917847685,1,634102.4023,0.5
2025/6/15 19:34,0.3476079175282788,1,176467.2908,0.5
2025/6/15 19:40,0.4053922531620988,1,78292.43312,0.5
2025/6/15 19:41,0.23705340333252645,1,49052.29608,0.5
2025/6/15 19:43,0.2696244834611373,1,28244.18717,0.5
2025/6/15 19:44,0.40598555177326884,1,23857.73426,0.5
2025/6/15 19:55,0.16576125200052214,1,19738.5854,0.5
2025/6/15 20:02,0.020085786488882026,1,2014.804999,0.5
2025/6/15 20:26,0.5026804068383736,1,498933.9029,0.5
2025/6/15 20:31,0.4452221829992596,1,7365002.814,0.5
2025/6/15 20:36,0.3737053532808138,1,15620.43046,0.5
2025/6/15 20:50,0.28758626962414807,1,30241.16999,0.5
2025/6/15 20:54,0.3076879281162873,1,4375.25691,0.5
2025/6/15 21:00,0.008436645743541634,1,120312.1155,0.5
2025/6/15 21:01,0.31817067323835185,1,1658171.106,0.5
2025/6/15 21:35,0.06588325223485754,2,161991.6107,0.5
2025/6/15 21:41,0.1962984066127103,1,227814.64,0.5
2025/6/15 21:48,0.17382679549057076,1,30438.2633,0.5
2025/6/15 21:49,0.48359136996563684,1,11400.30716,0.5
2025/6/15 22:11,0.3240911606524907,1,10321.35951,0.5
2025/6/15 22:18,0.2914187114625479,1,569145.6602,0.5
2025/6/15 22:31,0.46490860810699486,1,212152.4342,0.5
2025/6/15 22:34,0.48728796784681966,1,19610.67115,0.5
2025/6/15 22:43,0.1407729796342989,1,7138.874594,0.5
2025/6/15 22:55,0.19841098493071552,2,465411.6384,0.5
2025/6/15 23:14,0.4925001847191126,1,120826.0028,0.5
2025/6/15 23:15,0.25063797751252137,1,55053.74399,0.5
2025/6/15 23:20,0.31661536960654835,1,51027.26491,0.5
2025/6/15 23:50,0.3604846282547687,1,173667.5392,0.5
2025/6/15 23:52,0.009453460175948114,2,2350956.894,0.5
2025/6/15 23:55,0.21082345821952606,1,3772.5839,0.5
2025/6/16 0:05,0.3170829795313805,2,113790.7607,0.5
2025/6/16 0:21,0.4616056517732688,1,107059.1309,0.5
2025/6/16 0:32,0.4205956603735782,1,2994.315726,0.5
2025/6/16 0:49,0.16248712118629008,1,3976.611784,0.5
2025/6/16 0:51,0.14344178982129602,1,4257.717626,0.5
2025/6/16 0:57,0.024974886124817342,1,136619.3419,0.5
2025/6/16 1:00,0.48853545772214513,1,146366.8002,0.5
2025/6/16 1:05,0.19353169551918314,1,151623.8354,0.5
2025/6/16 1:12,0.01711110347530303,1,3638127.299,0.5
2025/6/16 1:14,0.4948270659812314,1,436715.7614,0.5
2025/6/16 1:17,0.5107477430867347,1,583779.7945,0.5
2025/6/16 1:21,0.5120533899527823,1,216279.7157,0.5
2025/6/16 1:22,0.004557029647915836,1,4712.849141,0.5
2025/6/16 1:30,0.24805874741990372,1,6336.402282,0.5
2025/6/16 1:34,0.38454693571752047,1,142772.0802,0.5
2025/6/16 1:43,0.26095295312624317,2,13779.302566999999,0.5
2025/6/16 2:21,0.1480047529011643,1,8088.482654,0.5
2025/6/16 2:28,0.1410743141968541,1,95550.53154,0.5
2025/6/16 2:30,0.30154365297914637,1,12052.49833,0.5
2025/6/16 2:46,0.0132092926351275,1,121181.57,0.5
2025/6/16 2:53,0.040776830190604525,1,725878.943,0.5
2025/6/16 2:56,0.05302381116935603,1,61559.63258,0.5
2025/6/16 2:59,0.11445697224224041,1,4880.677253,0.5
2025/6/16 3:21,0.3020859941832102,1,449819.5819,0.5
2025/6/16 3:23,0.062005990793354296,1,1374164.092,0.5
2025/6/16 3:40,0.20731282216442168,1,72072.80048,0.5
2025/6/16 3:51,0.5309464820015669,1,1411.544581,0.5
2025/6/16 3:55,0.06861515677385639,1,157432.7349,0.5
2025/6/16 4:04,0.10509002671117189,1,326574.1202,0.5
2025/6/16 4:05,0.04064959184364823,1,3411.299054,0.5
2025/6/16 4:08,0.24268603057969818,1,2067.515297,0.5
2025/6/16 4:15,0.08832411337794842,1,2291.656149,0.5
2025/6/16 4:29,0.09917478726063483,1,38018.9395,0.5
2025/6/16 4:48,0.4570824319452376,1,322752.3279,0.5
2025/6/16 4:49,0.3492557199864173,1,94272.72149,0.5
2025/6/16 4:50,0.054395959958158095,1,5568.685567,0.5
2025/6/16 4:52,0.05432191481586847,1,102754.9072,0.5
2025/6/16 4:58,0.1602573527125791,1,20106.30112,0.5
2025/6/16 5:11,0.20453583844816758,1,33358.26791,0.5
2025/6/16 5:14,0.1443081311058016,1,184035.6623,0.5
2025/6/16 5:19,0.5181615374184175,1,45541.62214,0.5
2025/6/16 5:23,0.2785305331470636,1,6643.131694,0.5
2025/6/16 5:28,0.024918003664920724,1,60665.03031,0.5
2025/6/16 5:29,0.4740699539434454,1,61472.73281,0.5
2025/6/16 5:41,0.2587635374244523,1,75335.14357,0.5
2025/6/16 5:48,0.08922965644505017,1,55684.63691,0.5
2025/6/16 6:00,0.18460473832881322,1,14434.52825,0.5
2025/6/16 6:06,0.27121573286418676,1,1254.164665,0.5
2025/6/16 6:12,0.17423783823766212,1,9462.208853,0.5
2025/6/16 6:15,0.09558381521513643,1,378938.4038,0.5
2025/6/16 6:23,0.3463923123582002,1,71571.68162,0.5
2025/6/16 6:28,0.35283485748152876,1,1379853.512,0.5
2025/6/16 6:36,0.17110871511169937,1,1116709.719,0.5
2025/6/16 6:50,0.1751254549352934,1,256281.9399,0.5
2025/6/16 6:59,0.5032171071258922,1,116074.9977,0.5
2025/6/16 7:01,0.5098484626877283,1,1063.241768,0.5
2025/6/16 7:12,0.2061445794801099,1,53215.08666,0.5
2025/6/16 7:21,0.34447735342614916,1,2720.439356,0.5
2025/6/16 7:34,0.20296169230875288,1,4629.352811,0.5
2025/6/16 7:36,0.06693324203719098,1,23364.39609,0.5
2025/6/16 7:41,0.4419274343610887,1,117080.6973,0.5
2025/6/16 8:00,0.18740370587400884,576,296907549.406618,0.5
2025/6/16 8:03,0.12307914923073472,1,49005.50836,0.5
2025/6/16 8:14,0.2309400924551225,1,18176.17044,0.5
2025/6/16 8:27,0.34905157844973483,1,11276.49198,0.5
2025/6/16 8:29,0.3027264230022463,1,26659.25893,0.5
2025/6/16 8:36,0.5047976928216593,1,148066.6207,0.5
2025/6/16 8:42,0.03955881811172504,1,29655.60033,0.5
2025/6/16 9:18,0.4492559912232626,2,13575.64644,0.5
2025/6/16 9:30,0.0694292777620096,1,100117.4045,0.5
2025/6/16 9:40,0.4217859721441693,1,19549.99319,0.5
2025/6/16 9:41,0.003889132660894538,1,2723.869794,0.5
2025/6/16 9:42,0.1312677223267363,1,19260.53692,0.5
2025/6/16 9:54,0.053478745931750477,1,421576.6372,0.5
2025/6/16 9:56,0.3294912546953726,2,935665.4249,0.5
2025/6/16 10:02,0.0650925902930054,1,2531178.866,0.5
2025/6/16 10:05,0.3041500744136659,1,20837.61054,0.5
2025/6/16 10:16,0.06215618237915342,1,60,0.5
2025/6/16 10:18,0.1009169006210558,1,78636.21934,0.5
2025/6/16 10:20,0.014922835041838738,1,225939.9064,0.5
2025/6/16 10:24,0.16081226919947267,1,15146.5143,0.5
2025/6/16 10:35,0.28206509251399453,1,115575.49,0.5
2025/6/16 10:41,0.19648900103170117,1,2158.131756,0.5
2025/6/16 10:51,0.006221121743115834,1,1532.116,0.5
2025/6/16 10:54,0.23942318931963968,1,44007.27539,0.5
2025/6/16 11:15,0.2448238698657227,1,26116.01691,0.5
2025/6/16 11:22,0.5253814248725686,1,31271.86592,0.5
2025/6/16 11:23,0.04956717073352196,1,101278.5611,0.5
2025/6/16 11:25,0.04838031574024858,1,80619.89063,0.5
2025/6/16 11:33,0.2379808712579074,1,15223.27995,0.5
2025/6/16 11:36,0.031812195653363115,1,5936.488792,0.5
2025/6/16 11:39,0.14649827897471052,1,4590.023484,0.5
2025/6/16 11:47,0.12442132316855209,1,130600.2025,0.5
2025/6/16 11:50,0.028804955667320924,1,1304174.706,0.5
2025/6/16 11:51,0.09157904624332924,1,1146501.322,0.5
2025/6/16 11:52,0.4649990689846268,1,174759.552,0.5
2025/6/16 11:54,0.3098892726939407,1,11958.32594,0.5
2025/6/16 12:01,0.11696858250979154,1,5512.015049,0.5
2025/6/16 12:03,0.1745982074953765,1,98572.23671,0.5
2025/6/16 12:12,0.11052880782701624,1,84269.36075,0.5
2025/6/16 12:16,0.03606269218089764,1,95658.99374,0.5
2025/6/16 12:26,0.04300365572260354,1,2910536.376,0.5
2025/6/16 12:31,0.015060562730265872,1,432107.2019,0.5
2025/6/16 12:34,0.47593013288285424,1,141006.0349,0.5
2025/6/16 12:43,0.1522479195052031,1,3774.65541,0.5
2025/6/16 12:51,0.4223141297424797,1,207408.2534,0.5
2025/6/16 12:52,0.05149183185045371,1,134098.6905,0.5
2025/6/16 13:00,0.07125448489635064,1,3255.770017,0.5
2025/6/16 13:02,0.42057300815850146,1,796170.7114,0.5
2025/6/16 13:27,0.2807829690272851,1,1190452.839,0.5
2025/6/16 13:38,0.337439652783808,1,565016.899,0.5
2025/6/16 13:40,0.13951316954798182,1,151898.0144,0.5
2025/6/16 13:48,0.3735953895829938,1,98228.8728,0.5
2025/6/16 13:53,0.21154873098811044,1,26402.76746,0.5
2025/6/16 14:01,0.44939408396970226,1,17828.88322,0.5
2025/6/16 14:05,0.37260446855478035,1,368458.5487,0.5
2025/6/16 14:13,0.29137825465532646,1,242534.965,0.5
2025/6/16 14:18,0.2345696115487756,1,62763.13186,0.5
2025/6/16 14:30,0.4564161071264775,1,53082.18771,0.5
2025/6/16 14:34,0.3510758034855204,1,9300.748061,0.5
2025/6/16 14:39,0.4098115222696489,1,47812.22883,0.5
2025/6/16 14:50,0.1850677789589811,1,10570.50076,0.5
2025/6/16 14:52,0.05466653754693244,1,47356.35294,0.5
2025/6/16 15:01,0.018141726692416683,1,3430.039948,0.5
2025/6/16 15:07,0.19024076153355796,1,11453.04973,0.5
2025/6/16 15:10,0.17304260129798316,1,14666.14968,0.5
2025/6/16 15:11,0.208644654137359,1,44116.48738,0.5
2025/6/16 15:13,0.08193568250754128,1,50171.26693,0.5
2025/6/16 15:22,0.22741358550137503,1,38416.71204,0.5
2025/6/16 15:41,0.17417557296484223,2,520300.5355,0.5
2025/6/16 15:52,0.3054042939996812,1,1236277.838,0.5
2025/6/16 15:55,0.24147085264557694,2,13006.82083,0.5
2025/6/16 16:18,0.48792289016377477,1,3822179.831,0.5
2025/6/16 16:21,0.044384236268958585,1,22748.31989,0.5
2025/6/16 16:25,0.052455142569771164,1,130194.6027,0.5
2025/6/16 16:26,0.1384715410714402,1,2601.17766,0.5
2025/6/16 16:27,0.22212290238864849,1,145660.7348,0.5
2025/6/16 16:31,0.416200537710308,1,625107.9786,0.5
2025/6/16 16:32,0.2933417050363773,1,504243.8998,0.5
2025/6/16 16:38,0.5119356286636649,1,604001.6646,0.5
2025/6/16 16:51,0.13160960275898592,1,4362.743564,0.5
2025/6/16 17:01,0.056651455438547924,1,4223.044265,0.5
2025/6/16 17:02,0.3753866179323731,1,5269.720049,0.5
2025/6/16 17:04,0.15408990477481455,1,124433.1572,0.5
2025/6/16 17:08,0.14335946215926718,1,11053.78011,0.5
2025/6/16 17:10,0.07014335113709802,1,212321.2758,0.5
2025/6/16 17:11,0.28170102717481305,1,2343378.572,0.5
2025/6/16 17:19,0.507268713435819,1,161356.418,0.5
2025/6/16 17:22,0.17165442426715374,1,74696.70868,0.5
2025/6/16 17:29,0.12859615363712562,1,7043.22072,0.5
2025/6/16 17:32,0.2596494190778958,1,10781.47832,0.5
2025/6/16 17:52,0.4092245547948239,2,911767.0628820001,0.5
2025/6/16 18:00,0.4710462649706123,1,4259.638148,0.5
2025/6/16 18:10,0.07158185520157263,1,1948.878665,0.5
2025/6/16 18:39,0.3207058809884828,1,120984.4753,0.5
2025/6/16 18:41,0.22744490966402026,1,16482.23196,0.5
2025/6/16 18:54,0.11554190355112277,1,24264.07258,0.5
2025/6/16 18:56,0.0031911807665563926,1,1300739.685,0.5
2025/6/16 18:58,0.5426791342110279,1,549732.6297,0.5
2025/6/16 19:03,0.45898181444426844,1,168205.6551,0.5
2025/6/16 19:04,0.39009731329840375,1,3095.762729,0.5
2025/6/16 19:08,0.07092979071101081,1,7356.258173,0.5
2025/6/16 19:16,0.16582787267483637,2,52921.77838,0.5
2025/6/16 19:18,0.5049493929463479,1,506613.6305,0.5
2025/6/16 19:35,0.2278646225613202,1,1043834.481,0.5
2025/6/16 19:37,0.003131073950095913,2,2595230.884,0.5
2025/6/16 19:39,0.06290670475459213,1,560405.012,0.5
2025/6/16 19:42,0.22731682287617594,1,9954.172893,0.5
2025/6/16 19:54,0.05380426565264312,1,57731.2475,0.5
2025/6/16 19:57,0.11180109370791191,1,2325.993665,0.5
2025/6/16 20:01,0.021232602136192515,1,4198.678956,0.5
2025/6/16 20:20,0.28707489062204405,1,502298.0906,0.5
2025/6/16 20:25,0.01936323990249922,1,138508.2493,0.5
2025/6/16 20:29,0.1792012127239707,1,6672.69229,0.5
2025/6/16 20:34,0.28660925769979584,1,6221.208596,0.5
2025/6/16 21:05,0.47740031519785814,1,4405.191539,0.5
2025/6/16 21:53,0.008572301351975134,1,78380.8567,0.5
2025/6/16 21:55,0.22823547469011346,1,168324.0924,0.5
2025/6/16 22:01,0.19848916381570436,1,77228.72688,0.5
2025/6/16 22:03,0.010575260229925498,1,1420715.742,0.5
2025/6/16 22:10,0.13679521935406166,2,26567.37249,0.5
2025/6/16 22:17,0.23682708176478884,1,36805.18651,0.5
2025/6/16 22:36,0.09146109657453289,1,9028.654029,0.5
2025/6/16 22:40,0.09265172061944904,1,56842.6042,0.5
2025/6/16 22:43,0.3988838965457968,1,6505.240277,0.5
2025/6/16 22:54,0.12281708252288041,1,25866.47949,0.5
2025/6/16 23:10,0.2316005019507921,1,175395.9947,0.5
2025/6/16 23:18,0.15863694758716843,1,23875.50646,0.5
2025/6/16 23:19,0.17392794764061328,1,67804.68196,0.5
2025/6/16 23:22,0.04424442118064137,1,29691.88255,0.5
2025/6/16 23:26,0.017229124823235572,1,158173.062,0.5
2025/6/16 23:31,0.19263669589894725,1,350537.7378,0.5
2025/6/16 23:34,0.39753090397733115,1,106670.8777,0.5
2025/6/16 23:46,0.034470226853796936,1,16962.97097,0.5
2025/6/17 0:02,0.2325288499809695,1,13500.41495,0.5
2025/6/17 0:18,0.18319630326161185,1,7408.465547,0.5
2025/6/17 0:36,0.147719536818598,1,7418.616327,0.5
2025/6/17 0:38,0.08691285455203299,1,1843.836305,0.5
2025/6/17 1:00,0.11504131174315067,1,31392.78926,0.5
2025/6/17 1:17,0.017015119740911827,1,176156.8175,0.5
2025/6/17 1:20,0.46777221406004543,2,483579.0979,0.5
2025/6/17 1:25,0.2569201591037973,1,27441.18448,0.5
2025/6/17 1:27,0.34006004047926974,1,216252.8331,0.5
2025/6/17 1:47,0.10667981054778632,1,165193.9519,0.5
2025/6/17 1:50,0.2641567250954752,1,80254.37033,0.5
2025/6/17 1:52,0.05264473433583893,1,97982.96073,0.5
2025/6/17 1:53,0.16644507240543963,1,206534.2768,0.5
2025/6/17 1:55,0.04507900315049751,1,314623.5062,0.5
2025/6/17 1:57,0.051690051590480096,1,5504.089635,0.5
2025/6/17 1:58,0.076777008624872,1,74169.74795,0.5
2025/6/17 2:19,0.17371285745850323,1,84972.74741,0.5
2025/6/17 2:48,0.20781116380299922,1,1917.767112,0.5
2025/6/17 2:51,0.16403442435712853,1,7508.415589,0.5
2025/6/17 3:12,0.04016443155504226,1,121640.736,0.5
2025/6/17 3:24,0.4530184604230134,1,216681.6124,0.5
2025/6/17 3:26,0.1544637222768541,1,7682.59074,0.5
2025/6/17 4:15,0.09549529000250968,1,116126.511,0.5
2025/6/17 4:20,0.4284046693197666,1,203871.3611,0.5
2025/6/17 4:25,0.22870538942713134,1,135461.7125,0.5
2025/6/17 4:32,0.014868494081349576,1,746788.9347,0.5
2025/6/17 4:41,0.1800765555674796,2,87099.6555,0.5
2025/6/17 4:59,0.4533275093721086,1,15248633.019781,0.5
2025/6/17 5:07,0.13499058359091032,1,27826.91613,0.5
2025/6/17 5:08,0.17402471000586492,1,1303796.909,0.5
2025/6/17 5:18,0.13300372665263036,1,34932.35126,0.5
2025/6/17 5:21,0.281670024972683,1,4998.559729,0.5
2025/6/17 5:22,0.0843705326971328,1,2650.074131,0.5
2025/6/17 5:23,0.034382174466613395,1,26301.77522,0.5
2025/6/17 5:25,0.1881169294309628,1,99797.18221,0.5
2025/6/17 5:32,0.4333270712791664,1,3137.738267,0.5
2025/6/17 5:37,0.2300406764547485,1,1454.9989,0.5
2025/6/17 5:48,0.2862416777805128,1,991385.8845,0.5
2025/6/17 5:50,0.5107116242020308,1,4162.190516,0.5
2025/6/17 5:59,0.1564432307726709,1,2859.046004,0.5
2025/6/17 6:13,0.27965968793982987,1,2143.290752,0.5
2025/6/17 6:21,0.26513618211759826,2,375938.2835,0.5
2025/6/17 6:25,0.02378604736478777,1,118090.5569,0.5
2025/6/17 6:44,0.5666840035851844,1,35.243831,0.5
2025/6/17 7:04,0.4905401372847329,1,522091.8837,0.5
2025/6/17 7:13,0.3691546077979755,1,1296227.186,0.5
2025/6/17 7:14,0.2540307480726212,1,170576.2106,0.5
2025/6/17 7:18,0.44185316774870276,1,6921494.457,0.5
2025/6/17 7:24,0.4583803539922818,2,284511.784,0.5
2025/6/17 7:44,0.1872002474535599,1,158978.2714,0.5
2025/6/17 7:55,0.13781823593348816,1,124211.8793,0.5
2025/6/17 8:00,0.1487150467235052,376,227067468.498444,0.5
2025/6/17 8:05,0.21740994811492875,1,27955.2615,0.5
2025/6/17 8:10,0.010643555647915836,1,16771.2,0.5
2025/6/17 8:20,0.1017399810783313,1,4729.53837,0.5
2025/6/17 8:22,0.30728552779764584,2,445003.6438,0.5
2025/6/17 8:28,0.3280534289624374,1,241019.037,0.5
2025/6/17 8:29,0.09903953444905023,1,1559544.1,0.5
2025/6/17 8:38,0.27024999445492687,1,9451.206509,0.5
2025/6/17 8:47,0.13565356175227694,1,42037.81366,0.5
2025/6/17 8:59,0.22787563763095547,1,24850.29571,0.5
2025/6/17 9:02,0.0271434196667844,1,30874.88071,0.5
2025/6/17 9:13,0.5160303107701426,1,58771.59745,0.5
2025/6/17 9:15,0.5823777235851845,1,582.804126,0.5
2025/6/17 9:18,0.1827284823104681,1,43889.14036,0.5
2025/6/17 9:22,0.09874645503199853,2,66783.2782,0.5
2025/6/17 9:36,0.2811178396440969,1,1874.843582,0.5
2025/6/17 9:50,0.05451728067814476,1,23361.30145,0.5
2025/6/17 10:10,0.3515803226562281,1,5837.55474,0.5
2025/6/17 10:34,0.2698717158446192,1,48243.4132,0.5
2025/6/17 10:35,0.0031308736625654076,1,1199002.124,0.5
2025/6/17 10:39,0.5040845873430579,1,164253.1151,0.5
2025/6/17 10:41,0.049530507264006075,1,310520.876,0.5
2025/6/17 10:53,0.12215149654678817,1,116758.452,0.5
2025/6/17 11:05,0.017170307859536403,1,57515.33121,0.5
2025/6/17 11:09,0.2758066562673025,1,810707.7146,0.5
2025/6/17 11:22,0.008642248114316497,1,46514.41619,0.5
2025/6/17 11:36,0.10759886391859923,1,57330.29941,0.5
2025/6/17 11:41,0.280333679082264,1,58787.3843,0.5
2025/6/17 11:42,0.11349966893716779,1,562119.4897,0.5
2025/6/17 11:52,0.029065857298511504,1,18243.81973,0.5
2025/6/17 11:54,0.4219356466195246,1,176496.8402,0.5
2025/6/17 11:59,0.035067715193235205,1,30006.70555,0.5
2025/6/17 12:18,0.2235045695983643,2,403264.252,0.5
2025/6/17 12:20,0.24345937104055126,1,1485.546209,0.5
2025/6/17 12:23,0.32226434362441203,1,8410.956151,0.5
2025/6/17 12:24,0.30277029254144,1,39671.69532,0.5
2025/6/17 12:34,0.3624873723582002,1,255556.4456,0.5
2025/6/17 12:47,0.3242686011944404,1,575197.9969,0.5
2025/6/17 12:53,0.10541525870775525,1,562320.9553,0.5
2025/6/17 12:56,0.404178285942446,1,11698977.835879,0.5
2025/6/17 13:05,0.20362953278282417,1,7140.515937,0.5
2025/6/17 13:10,0.003166521405744006,1,734190.5376,0.5
2025/6/17 13:12,0.4332494085379955,2,89323.35886,0.5
2025/6/17 13:26,0.2287637649522012,1,6181.259192,0.5
2025/6/17 13:27,0.39579178578768115,1,21082.86156,0.5
2025/6/17 13:31,0.1447691321588139,1,7512.36,0.5
2025/6/17 13:39,0.11277776235223884,1,202828.5672,0.5
2025/6/17 13:40,0.2195106719914406,1,2664.643402,0.5
2025/6/17 13:46,0.08824021320027345,2,16231855.88,0.5
2025/6/17 13:56,0.10940789635413146,1,26532.99363,0.5
2025/6/17 14:04,0.41494984538777835,1,332549.0763,0.5
2025/6/17 14:07,0.19749648134742032,1,337735.5358,0.5
2025/6/17 14:14,0.23243663192604314,1,19960.89586,0.5
2025/6/17 14:19,0.2302837732493726,1,2023.312609,0.5
2025/6/17 14:25,0.4995619850763425,1,222431.8179,0.5
2025/6/17 14:35,0.026168102154212287,1,2664.005085,0.5
2025/6/17 14:39,0.34557089986205203,1,3692.880392,0.5
2025/6/17 14:50,0.3986518851254966,1,132764.5988,0.5
2025/6/17 14:56,0.26549372650235775,1,219830.0234,0.5
2025/6/17 15:06,0.11825269209464383,2,769448.5182230001,0.5
2025/6/17 15:14,0.3442655288010234,1,650272.1936,0.5
2025/6/17 15:21,0.1323268525884631,1,8342.65591,0.5
2025/6/17 15:24,0.0035240764282850664,1,21661.28015,0.5
2025/6/17 15:33,0.49260977316577403,1,435602.8683,0.5
2025/6/17 15:39,0.4095455262144286,1,16638.42423,0.5
2025/6/17 16:08,0.08120892099268114,1,25253.56586,0.5
2025/6/17 16:12,0.46784830780440934,1,728659.3171,0.5
2025/6/17 16:15,0.08126751989017886,1,90452.25693,0.5
2025/6/17 16:25,0.46735972959498046,1,878219.4956,0.5
2025/6/17 16:35,0.3138872638316718,1,18165.05602,0.5
2025/6/17 16:42,0.3096195255826251,1,166442.3988,0.5
2025/6/17 16:44,0.027907166451180576,1,1992.653012,0.5
2025/6/17 16:45,0.3060589615453655,1,115052.4575,0.5
2025/6/17 17:04,0.07291655473400827,1,28071372.791282,0.5
2025/6/17 17:20,0.2051268261341265,1,41123.18629,0.5
2025/6/17 17:23,0.2762003800536416,1,528271.2566,0.5
2025/6/17 17:24,0.237339500944069,1,1043.958057,0.5
2025/6/17 17:26,0.45893088007410154,2,348622.7512,0.5
2025/6/17 17:43,0.29027820708338814,1,547576.5561,0.5
2025/6/17 17:50,0.21254950035345416,1,126901.3171,0.5
2025/6/17 18:05,0.5097264582759995,1,180823.8593,0.5
2025/6/17 18:16,0.15442487088106013,1,8447.100046,0.5
2025/6/17 18:18,0.13768479161073263,1,56422.94379,0.5
2025/6/17 18:29,0.296945010565428,1,6237.072145,0.5
2025/6/17 18:40,0.14551355542176325,1,149072.205,0.5
2025/6/17 18:48,0.02120600876309372,1,1196753.847,0.5
2025/6/17 18:59,0.12503904078827216,1,2861.96462,0.5
2025/6/17 19:01,0.06178513665280433,1,21131.47163,0.5
2025/6/17 19:04,0.5314242132003708,1,6659.666263,0.5
2025/6/17 19:07,0.44384466970045855,1,270567.0751,0.5
2025/6/17 19:22,0.19929337659369264,1,66618.20923,0.5
2025/6/17 19:23,0.48272208089894963,1,369824.7291,0.5
2025/6/17 19:35,0.06103698027645366,1,7185.28125,0.5
2025/6/17 19:37,0.11840497163733021,1,38301.48462,0.5
2025/6/17 19:40,0.16882491876510639,1,899.328009,0.5
2025/6/17 19:48,0.48036143110570373,1,26773.37607,0.5
2025/6/17 20:22,0.49637900273993324,1,709651.251,0.5
2025/6/17 20:29,0.5065828136726519,1,25445.30468,0.5
2025/6/17 20:35,0.2902019396656815,1,10985.38085,0.5
2025/6/17 20:38,0.19164293696784032,1,7208.636822,0.5
2025/6/17 20:54,0.3782823569134906,1,139080.7152,0.5
2025/6/17 21:16,0.0060339762174038344,1,2224.3985,0.5
2025/6/17 21:23,0.39234698169759874,1,8356.945208,0.5
2025/6/17 21:26,0.5117490001477121,1,5773.405393,0.5
2025/6/17 21:41,0.06618906536309253,1,106981.8206,0.5
2025/6/17 21:46,0.037348376689716065,1,103195.0693,0.5
2025/6/17 21:51,0.19643061131724918,1,41331.41738,0.5
2025/6/17 21:55,0.5225530079343256,1,1737591.188,0.5
2025/6/17 22:05,0.018156184029440987,1,58912.46175,0.5
2025/6/17 22:06,0.44214714851363096,1,15055.5213,0.5
2025/6/17 22:11,0.021773959726437468,1,5811.715917,0.5
2025/6/17 22:12,0.4511678075379328,1,20235.37291,0.5
2025/6/17 22:13,0.20906619006649324,1,29676.46938,0.5
2025/6/17 22:15,0.0031559989252677566,1,1217012.168,0.5
2025/6/17 22:17,0.23750385326808515,1,17098.21019,0.5
2025/6/17 22:23,0.0673828397355361,1,21741.42343,0.5
2025/6/17 22:24,0.03073681869614994,1,47691.11667,0.5
2025/6/17 22:28,0.0516073798824329,1,887999.407,0.5
2025/6/17 22:29,0.005901617332475835,1,2463.898,0.5
2025/6/17 22:40,0.056903512827898926,1,15428.93915,0.5
2025/6/17 22:41,0.4508666371396909,1,279266.557,0.5
2025/6/17 22:52,0.05634888216250844,1,205049.2735,0.5
2025/6/17 23:09,0.08102473846806273,1,758915.577,0.5
2025/6/17 23:10,0.33119262525246146,1,198651.7308,0.5
2025/6/17 23:12,0.18425234764584192,1,28767.64915,0.5
2025/6/17 23:14,0.21650809243029256,1,13719.96186,0.5
2025/6/17 23:29,0.47340844139962474,1,317417.931,0.5
2025/6/17 23:42,0.030702944595067533,1,331268.1206,0.5
2025/6/17 23:51,0.5100777428858033,1,249.894938,0.5
2025/6/18 0:10,0.2894655882282884,1,232044.093,0.5
2025/6/18 0:15,0.14805016931858123,1,213388.5484,0.5
2025/6/18 0:17,0.004193275647915835,1,17322.702,0.5
2025/6/18 0:29,0.2024580002145903,1,212637.2541,0.5
2025/6/18 0:37,0.2886033916165982,1,8296.537079,0.5
2025/6/18 0:38,0.18237173833285025,1,12866.94715,0.5
2025/6/18 0:48,0.13409743736669452,1,109553.0126,0.5
2025/6/18 0:59,0.1703615135624967,1,152131.2282,0.5
2025/6/18 1:05,0.11774372574833514,1,499639.6659,0.5
2025/6/18 1:06,0.10241154654070707,1,12378.07099,0.5
2025/6/18 1:09,0.2223505264544044,1,344847.064,0.5
2025/6/18 1:12,0.023071541503085442,1,183950.9593,0.5
2025/6/18 1:20,0.3327009441613751,1,80727.21191,0.5
2025/6/18 1:22,0.03984400614295641,1,255665.6994,0.5
2025/6/18 1:24,0.5288043346703292,1,52022.85487,0.5
2025/6/18 1:45,0.19730281190360285,1,743008.3057,0.5
2025/6/18 1:48,0.012783361076149706,1,587524.2705,0.5
2025/6/18 2:03,0.0031567379069416582,1,1044331.111,0.5
2025/6/18 2:08,0.45402627218704583,1,326975.0001,0.5
2025/6/18 2:22,0.22720836725828467,1,3205.5263,0.5
2025/6/18 2:31,0.3207642417277154,2,383209.4086,0.5
2025/6/18 2:38,0.08593888295377644,1,344406.3679,0.5
2025/6/18 2:52,0.29527381345984655,1,8532.955226,0.5
2025/6/18 2:54,0.18435939237124793,1,15021.45861,0.5
2025/6/18 3:00,0.03690412698129368,1,23604.17277,0.5
2025/6/18 3:09,0.5191598413276536,1,166663.9998,0.5
2025/6/18 3:10,0.003249485493738639,1,887120.7528,0.5
2025/6/18 3:18,0.21158908136464435,1,15631.08456,0.5
2025/6/18 3:34,0.16677752395754225,1,406065.6862,0.5
2025/6/18 4:00,0.3144584496221081,1,98509.14413,0.5
2025/6/18 4:01,0.3596763209577829,3,2173174.571,0.5
2025/6/18 4:07,0.03244000007941716,1,199894.5591,0.5
2025/6/18 4:17,0.5090265084623803,1,21654.46799,0.5
2025/6/18 4:23,0.4198901213211271,1,855946.9068,0.5
2025/6/18 4:38,0.0035055593441916206,1,46776.63448,0.5
2025/6/18 4:47,0.22073408138629128,1,19053.99399,0.5
2025/6/18 4:53,0.02059773007027863,1,72644.25161,0.5
2025/6/18 4:57,0.4865314672185986,1,361636.5622,0.5
2025/6/18 5:10,0.17052455675716247,1,12887.89816,0.5
2025/6/18 5:19,0.0423460617756844,1,75329.63303,0.5
2025/6/18 5:22,0.5142927942815945,1,303983.9025,0.5
2025/6/18 5:24,0.28036611256618826,1,6140.512054,0.5
2025/6/18 5:25,0.2296582516112963,1,33046.23116,0.5
2025/6/18 5:45,0.3491873577635868,1,16435.46007,0.5
2025/6/18 5:51,0.08765127556949062,1,17187.0526,0.5
2025/6/18 5:58,0.1447232882154836,1,511375.3684,0.5
2025/6/18 6:12,0.3633167614428885,1,42592.61343,0.5
2025/6/18 6:13,0.0834919029310474,1,132336.0516,0.5
2025/6/18 6:14,0.05617274127932427,2,22581294.296968002,0.5
2025/6/18 6:44,0.0949781890187304,1,511090.833,0.5
2025/6/18 6:45,0.06564277832454475,1,2760.357412,0.5
2025/6/18 6:50,0.32777844036192827,1,7497.999177,0.5
2025/6/18 7:09,0.1882820370293413,1,5030.579896,0.5
2025/6/18 7:10,0.35362452160956803,1,19123.42754,0.5
2025/6/18 7:23,0.32127101598304075,1,114405.5392,0.5
2025/6/18 7:44,0.13266994172497817,1,2291.632717,0.5
2025/6/18 7:52,0.5055179943840995,1,276005.2327,0.5
2025/6/18 7:54,0.3200459454871156,1,219872.2745,0.5
2025/6/18 7:56,0.09809691687003166,1,15431.81822,0.5
2025/6/18 8:00,0.1253332268818716,176,109151611.579839,0.5
2025/6/18 8:04,0.5214933875949549,1,125419.4695,0.5
2025/6/18 8:08,0.2104664371934064,1,31055.69773,0.5
2025/6/18 8:13,0.2324233666816476,1,105213.9619,0.5
2025/6/18 8:22,0.5113547329593054,1,33267.59183,0.5
2025/6/18 8:38,0.2526254743258723,1,9000.787807,0.5
2025/6/18 8:44,0.08185400507734719,1,9441.023164,0.5
2025/6/18 8:53,0.17135939211023235,1,7266.870979,0.5
2025/6/18 8:55,0.23702304774622737,1,95328.27862,0.5
2025/6/18 9:06,0.24630915421465313,1,402719.7288,0.5
2025/6/18 9:13,0.49442508018255044,1,170203.6242,0.5
2025/6/18 9:37,0.08601708266170772,1,25679.36127,0.5
2025/6/18 9:42,0.036636318308930604,1,140954.2369,0.5
2025/6/18 9:43,0.35772367016573375,1,77167.49827,0.5
2025/6/18 10:08,0.2308301046683654,1,39266.10708,0.5
2025/6/18 10:13,0.17483576954641206,1,37222.13968,0.5
2025/6/18 10:27,0.05578121024124237,1,381624.5409,0.5
2025/6/18 10:34,0.0033141558680177636,1,19635.91659,0.5
2025/6/18 10:50,0.37283442195243516,1,172161.3676,0.5
2025/6/18 10:56,0.4780102483815156,1,3779.352595,0.5
2025/6/18 11:05,0.1842474887521585,1,91325.33046,0.5
2025/6/18 11:08,0.4186277689039175,1,297145.8261,0.5
2025/6/18 11:28,0.11407097518936622,1,11876.60094,0.5
2025/6/18 11:30,0.19446204832176828,1,30516.97544,0.5
2025/6/18 11:36,0.013098061236476896,1,29564378.908894,0.5
2025/6/18 11:50,0.15414198987319494,1,5877.223243,0.5
2025/6/18 11:51,0.4660602809925106,2,21271.81814,0.5
2025/6/18 12:06,0.2919691929599396,1,1638.536266,0.5
2025/6/18 12:07,0.015028574249933329,1,2699.896944,0.5
2025/6/18 12:14,0.01721248575253492,1,5072.024781,0.5
2025/6/18 12:25,0.2733767568018787,1,212519.838,0.5
2025/6/18 12:50,0.375361662932939,1,9175.545518,0.5
2025/6/18 12:54,0.378947951298357,1,381128.0348,0.5
2025/6/18 12:57,0.17289406803562915,1,189223.1667,0.5
2025/6/18 13:06,0.48758187063644975,1,546324.75,0.5
2025/6/18 13:15,0.09048432645453851,1,144789.0269,0.5
2025/6/18 13:27,0.32651406224352175,1,993926.2638,0.5
2025/6/18 13:41,0.2687957345255835,1,185750.2097,0.5
2025/6/18 13:58,0.07060767507717583,1,1002212.944,0.5
2025/6/18 14:01,0.017184165233730647,1,1012593.284,0.5
2025/6/18 14:02,0.06176844728797035,1,106577.4543,0.5
2025/6/18 14:08,0.3653147857021679,2,1892217.137,0.5
2025/6/18 14:18,0.2820734704083246,1,498670.3342,0.5
2025/6/18 14:24,0.2115919341761416,1,671793.2804,0.5
2025/6/18 14:44,0.0031516057608780117,1,3228532.195,0.5
2025/6/18 14:47,0.24854626928155585,1,121067.5812,0.5
2025/6/18 14:51,0.14156939246692213,1,28879.57799,0.5
2025/6/18 14:56,0.5544309605404465,1,6.450074,0.5
2025/6/18 15:01,0.14458718405410026,1,1309.937428,0.5
2025/6/18 15:17,0.0273577976227848,1,132655.4979,0.5
2025/6/18 15:29,0.503760280207552,1,1254.2071,0.5
2025/6/18 15:34,0.19893101172673508,1,13901.69621,0.5
2025/6/18 15:36,0.04240915412456456,1,317817.7281,0.5
2025/6/18 15:59,0.13174911410989376,1,10225.16375,0.5
2025/6/18 16:08,0.21833871190248696,1,5174.652878,0.5
2025/6/18 16:32,0.17970188267081186,1,1735.377609,0.5
2025/6/18 16:33,0.41621836869085027,1,23577.03975,0.5
2025/6/18 16:38,0.27459530714805536,1,1258.580783,0.5
2025/6/18 16:39,0.4636990040129431,1,3309.997213,0.5
2025/6/18 16:47,0.1641860479042034,1,4693.534972,0.5
2025/6/18 16:52,0.13141130549833674,1,117845.6261,0.5
2025/6/18 16:53,0.14352973313866424,1,1810.22091,0.5
2025/6/18 17:20,0.24360081451659044,1,9593.384167,0.5
2025/6/18 17:25,0.2303117438519563,1,3558302.529,0.5
2025/6/18 17:27,0.0037623439279158358,1,10509.19487,0.5
2025/6/18 17:30,0.04517258763243056,1,19517.00995,0.5
2025/6/18 17:35,0.06355020474062888,1,190183.2871,0.5
2025/6/18 17:39,0.48948566142311856,1,375014.2388,0.5
2025/6/18 17:44,0.17481899591037983,1,2941.495955,0.5
2025/6/18 17:45,0.04662002056932534,1,557043.0716,0.5
2025/6/18 17:56,0.3002184818404822,1,853113.9988,0.5
2025/6/18 18:06,0.24326649465036337,1,108627.9358,0.5
2025/6/18 18:08,0.499036746601999,1,304642.7502,0.5
2025/6/18 18:29,0.26641340487679877,1,94880.24742,0.5
2025/6/18 18:41,0.22717202806949885,1,17971.93987,0.5
2025/6/18 18:43,0.43377202198932197,1,1892.138837,0.5
2025/6/18 19:09,0.12160589408893435,1,231994.0525,0.5
2025/6/18 19:11,0.05636164004899545,2,11063.620901999999,0.5
2025/6/18 19:13,0.4424542538015412,1,457100.5939,0.5
2025/6/18 19:31,0.006020178821782714,1,1469.338221,0.5
2025/6/18 19:49,0.0596503054081545,1,41296.62342,0.5
2025/6/18 19:51,0.2372294058269932,1,748663.4207,0.5
2025/6/18 20:01,0.19750853651958558,1,770452.5241,0.5
2025/6/18 20:08,0.22818463643874023,1,133374.5262,0.5
2025/6/18 20:12,0.40099667428097513,1,742734.6417,0.5
2025/6/18 20:30,0.15657300593864096,1,1200055.876,0.5
2025/6/18 20:52,0.03282364134572627,1,602360.5889,0.5
2025/6/18 21:06,0.03230748344432674,1,464861.2711,0.5
2025/6/18 21:29,0.15447198639556498,1,2966476.073,0.5
2025/6/18 21:36,0.288328041794708,1,23789.45645,0.5
2025/6/18 21:39,0.49024784821275313,1,504681.5763,0.5
2025/6/18 21:56,0.2521498338267814,1,94502.62609,0.5
2025/6/18 21:58,0.4308796642633133,2,81141.30453,0.5
2025/6/18 22:00,0.10144421195117086,1,76223.80328,0.5
2025/6/18 22:14,0.3789575561019643,1,35546.95946,0.5
2025/6/18 22:15,0.174001840753546,1,102611.2979,0.5
2025/6/18 22:19,0.3203287148775186,1,83238.114,0.5
2025/6/18 22:58,0.27778047780309395,1,61034.78355,0.5
2025/6/18 23:04,0.5075207949611154,1,424433.0722,0.5
2025/6/18 23:05,0.30676405097720566,2,464231.8028,0.5
2025/6/18 23:09,0.08909825139864812,1,768687.4486,0.5
2025/6/18 23:19,0.18422074074047723,1,221379.3295,0.5
2025/6/18 23:27,0.31568682351044486,1,26193.64528,0.5
2025/6/18 23:28,0.290287695377727,1,6956.807478,0.5
2025/6/19 0:03,0.19346530098575768,1,304840.016,0.5
2025/6/19 0:07,0.19351548348152095,2,150335.3352,0.5
2025/6/19 0:11,0.4915989671125262,1,116671.1881,0.5
2025/6/19 0:16,0.08016059857861342,1,8666.468266,0.5
2025/6/19 0:18,0.08772729442998685,1,391307.6021,0.5
2025/6/19 0:23,0.21512621542582877,1,101457.439,0.5
2025/6/19 0:38,0.3231682114358363,1,3417.027434,0.5
2025/6/19 0:41,0.026558549268324943,1,4902.970024,0.5
2025/6/19 0:46,0.05005952199887747,1,35294.86875,0.5
2025/6/19 0:49,0.43561336124391997,1,84382.25902,0.5
2025/6/19 0:50,0.05032203326772734,1,14273.04651,0.5
2025/6/19 0:55,0.37065729920994056,1,366660.1694,0.5
2025/6/19 1:04,0.003262011448332757,1,26912558.981079,0.5
2025/6/19 1:15,0.05795998150699841,2,28390.73452,0.5
2025/6/19 1:19,0.18073658606289325,1,50805.97657,0.5
2025/6/19 1:27,0.40999294224613886,1,108100.6592,0.5
2025/6/19 1:32,0.19608602880716525,1,52392.79848,0.5
2025/6/19 1:41,0.05480776300880027,1,78691.57633,0.5
2025/6/19 1:49,0.07924358648432483,1,17968.11781,0.5
2025/6/19 2:10,0.1272038579939699,1,113450.3004,0.5
2025/6/19 2:24,0.4919199071178602,1,942822.6148,0.5
2025/6/19 2:25,0.025233526632874627,1,37695.36746,0.5
2025/6/19 2:27,0.2858261676633015,1,4291.823774,0.5
2025/6/19 2:36,0.3024181426619515,1,13135.24889,0.5
2025/6/19 2:41,0.12138792560094018,1,5047.595479,0.5
2025/6/19 2:55,0.5102305564256288,2,152579.6646,0.5
2025/6/19 3:03,0.09380516052240724,1,72346.54141,0.5
2025/6/19 3:04,0.3302690823510132,1,367664.6763,0.5
2025/6/19 3:17,0.003239084353003904,1,1293636.226,0.5
2025/6/19 3:20,0.04071858062624773,1,15261.71003,0.5
2025/6/19 3:27,0.17627050797182525,1,1196.635041,0.5
2025/6/19 3:44,0.025015122979938253,1,135817.9853,0.5
2025/6/19 4:13,0.09938722078077708,1,32501.89351,0.5
2025/6/19 4:24,0.3046529565923235,1,500392.5988,0.5
2025/6/19 4:28,0.42995570447595965,2,260429.9786,0.5
2025/6/19 4:29,0.15194163912666517,1,53929.69082,0.5
2025/6/19 4:30,0.4571451796830846,1,109718.3951,0.5
2025/6/19 4:36,0.2673328214155952,2,1182273.377,0.5
2025/6/19 4:56,0.37963336419931815,1,6786224.412,0.5
2025/6/19 5:02,0.3085216386268921,1,16143.791,0.5
2025/6/19 5:19,0.21816019284945723,2,384609.0776,0.5
2025/6/19 5:34,0.30573562428831813,1,24257.93738,0.5
2025/6/19 5:38,0.4465193148800653,1,3142.10162,0.5
2025/6/19 5:40,0.03980995542310464,1,231059.4669,0.5
2025/6/19 5:55,0.47128557466517407,1,207906.9225,0.5
2025/6/19 6:02,0.07783049813370692,1,5778.914491,0.5
2025/6/19 6:20,0.13304510842354061,1,42592.48593,0.5
2025/6/19 6:21,0.12575124582620945,1,251687.5212,0.5
2025/6/19 6:22,0.04653114775557979,1,11969.65758,0.5
2025/6/19 6:36,0.00863711187419931,1,2102.6045,0.5
2025/6/19 6:40,0.003406594910660371,1,21441.4139,0.5
2025/6/19 6:42,0.1901850375276652,2,5276271.493,0.5
2025/6/19 6:48,0.15352072571356004,1,5942.307694,0.5
2025/6/19 7:10,0.2335764296298302,1,14135.9044,0.5
2025/6/19 7:15,0.12643865323347764,1,147154.6703,0.5
2025/6/19 7:16,0.40976543450773867,1,194156.1764,0.5
2025/6/19 7:19,0.08099859062152003,1,80596.90055,0.5
2025/6/19 7:38,0.2586240369192735,1,4419.204113,0.5
2025/6/19 7:39,0.14778068238474673,1,5365.645271,0.5
2025/6/19 7:49,0.05737673648628962,1,66680.20726,0.5
2025/6/19 8:00,0.09497540004032567,1,11707.77635,0.5
2025/6/19 8:11,0.09495743146174669,1,11707.77635,0.5
